Date,adjclose,low,high,volume,open
2020-05-29,45.2,43.44,45.4,73825859.58,43.3
2020-05-28,43.3,42.1,44.18,94425129.34,41.48
2020-05-27,41.48,40.96,41.88,41809077.3,40.9
2020-05-22,40.9,40.44,41.58,24380822.46,41.58
2020-05-21,41.58,41.38,42.52,18201029.48,42.2
2020-05-20,42.2,41.46,42.36,33461474.68,41.4
2020-05-18,41.4,41.14,41.8,21106741.36,40.8
2020-05-15,40.8,40.64,41.4,15399651.86,40.7
2020-05-14,40.7,40.1,42.6,44171009.76,42.42
2020-05-13,42.42,42.16,42.98,29967809.36,42.0
2020-05-12,42.0,40.9,42.0,27192152.8,40.74
2020-05-11,40.74,40.26,42.06,59619489.76,40.0
2020-05-08,40.0,40.0,40.82,15062263.3,40.1
2020-05-07,40.1,39.52,40.48,15138069.2,40.16
2020-05-06,40.16,40.16,41.0,15943807.1,40.82
2020-05-05,40.82,40.04,42.78,29407494.58,40.0
2020-05-04,40.0,39.7,41.48,18030414.14,41.6
2020-04-30,41.6,40.42,42.9,25633750.26,41.8
2020-04-29,41.8,41.22,42.48,22331480.5,42.12
2020-04-28,42.12,41.32,42.9,39728152.14,42.0
2020-04-27,42.0,40.14,43.34,85132215.68,39.4
2020-04-24,39.4,38.84,39.9,20073109.44,38.84
2020-04-22,38.84,38.58,39.74,13827107.08,39.36
2020-04-21,39.36,39.14,40.2,9841701.58,40.3
2020-04-20,40.3,39.5,40.7,17573072.74,39.04
2020-04-17,39.04,38.0,39.7,24265041.86,37.5
2020-04-16,37.5,35.94,38.2,21199558.62,37.4
2020-04-15,37.4,37.02,40.88,18950775.6,40.3
2020-04-14,40.3,39.66,42.16,27191567.54,39.6
2020-04-13,39.6,38.2,39.96,9354316.18,39.32
2020-04-10,39.32,38.12,40.4,8040795.86,39.5
2020-04-09,39.5,38.94,41.0,23373886.84,38.54
2020-04-08,38.54,36.78,38.54,19403875.8,36.78
2020-04-07,36.78,36.62,39.68,21131833.24,36.72
2020-04-06,36.72,34.3,37.36,21293516.36,33.98
2020-04-03,33.98,32.8,34.6,15461765.52,33.28
2020-04-02,33.28,32.24,33.98,15878100.54,32.6
2020-04-01,32.6,32.0,33.2,20645724.98,33.58
2020-03-31,33.58,32.72,34.84,21059162.26,34.0
2020-03-30,34.0,33.18,36.62,8645788.62,36.64
2020-03-27,36.64,35.68,39.0,17689496.84,36.94
2020-03-26,36.94,34.1,36.94,16609009.62,34.38
2020-03-25,34.38,32.6,36.3,28424529.66,33.0
2020-03-24,33.0,30.5,33.32,35700640.78,31.04
2020-03-23,31.04,28.9,32.0,10281642.4,32.0
2020-03-20,32.0,30.2,32.1,7307038.78,30.6
2020-03-19,30.6,30.6,33.4,7953421.16,34.0
2020-03-18,34.0,31.72,35.0,6887705.6,34.2
2020-03-17,34.2,34.02,38.22,6057690.88,37.8
2020-03-16,37.8,37.8,40.18,5094959.8,42.0
2020-03-13,42.0,41.4,44.0,19599635.52,43.0
2020-03-12,43.0,42.74,48.08,12301628.06,48.28
2020-03-11,48.28,46.62,50.95,17314523.48,49.8
2020-03-10,49.8,48.46,53.55,15566257.2,51.0
2020-03-09,51.0,50.0,53.9,12338303.05,54.1
2020-03-06,54.1,53.2,55.0,10009980.6,53.9
2020-03-05,53.9,52.8,54.4,3839119.1,53.0
2020-03-04,53.0,52.85,54.5,8436108.7,53.55
2020-03-03,53.55,53.2,55.4,10482876.2,53.6
2020-03-02,53.6,52.85,56.3,10634622.0,53.5
2020-02-28,53.5,48.86,54.1,15699181.38,54.15
2020-02-27,54.15,54.1,57.7,16589837.5,56.5
2020-02-26,56.5,54.6,57.05,18253990.35,56.05
2020-02-25,56.05,55.65,59.2,12200820.5,57.85
2020-02-24,57.85,56.95,59.75,15729697.15,59.7
2020-02-21,59.7,59.15,60.35,25163922.6,60.05
2020-02-20,60.05,59.8,61.3,23582100.95,60.8
2020-02-19,60.8,60.1,61.4,10025786.65,60.65
2020-02-18,60.65,60.05,61.35,7320703.55,61.25
2020-02-17,61.25,59.65,61.7,15950011.35,60.4
2020-02-14,60.4,59.6,61.65,11365652.55,61.05
2020-02-13,61.05,60.6,62.0,17014980.75,60.9
2020-02-12,60.9,60.15,62.0,14686299.45,60.3
2020-02-11,60.3,59.85,60.75,22532062.25,59.9
2020-02-10,59.9,59.65,61.5,24444229.55,60.2
2020-02-07,60.2,59.0,60.6,21521881.85,59.6
2020-02-06,59.6,59.35,60.55,15164393.0,60.3
2020-02-05,60.3,58.7,60.55,8055924.2,58.5
2020-02-04,58.5,57.5,59.6,22106064.9,57.3
2020-02-03,57.3,56.75,58.1,10880372.75,56.95
2020-01-31,56.95,56.7,58.0,4814393.8,56.7
2020-01-30,56.7,55.75,57.5,6258453.3,57.3
2020-01-29,57.3,57.3,58.9,6230117.4,58.1
2020-01-28,58.1,57.65,59.7,11500819.35,59.0
2020-01-27,59.0,58.85,61.45,10059442.6,60.5
2020-01-24,60.5,58.25,60.7,17111687.7,60.0
2020-01-23,60.0,59.7,62.4,20587857.0,61.2
2020-01-22,61.2,60.65,62.55,8969474.2,61.45
2020-01-21,61.45,60.2,62.8,19284316.45,61.35
2020-01-20,61.35,59.55,61.8,16982311.5,60.95
2020-01-17,60.95,58.1,61.2,16786488.2,59.75
2020-01-16,59.75,58.75,62.15,21162275.4,59.75
2020-01-15,59.75,58.25,61.1,27343361.55,59.1
2020-01-14,59.1,56.7,60.0,18084750.15,57.15
2020-01-13,57.15,56.0,58.0,20958383.65,56.45
2020-01-10,56.45,54.35,57.1,16217976.05,54.55
2020-01-09,54.55,53.45,55.65,19887765.05,53.0
2020-01-08,53.0,51.6,54.05,4843012.35,54.15
2020-01-07,54.15,53.55,56.15,7896900.15,53.95
2020-01-06,53.95,53.05,54.3,5592540.95,55.5
2020-01-03,55.5,52.75,57.4,19367945.15,57.45
2020-01-02,57.45,56.6,58.2,7523521.45,57.9
2019-12-31,57.9,56.1,57.9,6041762.8,56.3
2019-12-30,56.3,55.95,57.0,8571561.55,56.0
2019-12-27,56.0,56.0,57.95,9114450.45,56.5
2019-12-26,56.5,54.9,58.75,14006583.7,55.25
2019-12-25,55.25,54.6,56.0,5034752.25,54.9
2019-12-24,54.9,54.2,55.25,6730611.3,54.2
2019-12-23,54.2,54.1,55.35,9992240.65,53.85
2019-12-20,53.85,52.2,54.5,14921876.55,52.05
2019-12-19,52.05,49.94,52.7,21581656.97,49.86
2019-12-18,49.86,48.6,50.15,10288749.95,49.18
2019-12-17,49.18,48.88,49.98,7801811.74,49.7
2019-12-16,49.7,48.4,50.0,14685399.32,48.34
2019-12-13,48.34,48.34,50.0,13178981.48,49.0
2019-12-12,49.0,48.48,51.15,21670313.51,49.8
2019-12-11,49.8,48.3,50.2,23190720.52,49.9
2019-12-10,49.9,48.7,50.85,33635058.02,48.04
2019-12-09,48.04,47.9,49.9,12946665.94,48.0
2019-12-06,48.0,46.3,49.74,24939370.4,46.14
2019-12-05,46.14,45.16,46.86,14679139.38,45.14
2019-12-04,45.14,44.86,45.68,7441567.84,45.1
2019-12-03,45.1,45.1,46.84,23830055.58,46.36
2019-12-02,46.36,45.28,46.56,8725097.34,45.28
2019-11-29,45.28,45.1,46.48,4139886.28,45.76
2019-11-28,45.76,45.32,46.54,4156726.94,45.36
2019-11-27,45.36,45.36,46.9,7296757.1,46.2
2019-11-26,46.2,44.9,46.6,8817177.2,44.94
2019-11-25,44.94,44.52,45.88,7961798.28,44.36
2019-11-22,44.36,43.48,45.0,22147668.6,43.24
2019-11-21,43.24,43.24,44.2,5022424.92,43.82
2019-11-20,43.82,43.82,44.6,5776527.88,44.3
2019-11-19,44.3,44.2,44.68,2982837.26,44.44
2019-11-18,44.44,44.0,45.0,11978224.46,44.0
2019-11-15,44.0,43.66,44.42,4186106.18,43.86
2019-11-14,43.86,43.7,45.2,3909202.66,45.0
2019-11-13,45.0,44.44,45.54,3112826.8,44.98
2019-11-12,44.98,44.98,45.74,3962331.76,45.5
2019-11-11,45.5,44.9,46.2,7439034.12,45.04
2019-11-08,45.04,45.04,45.66,4885786.18,45.26
2019-11-07,45.26,45.0,45.66,4570749.6,45.0
2019-11-06,45.0,45.0,45.38,3314682.34,45.06
2019-11-05,45.06,45.06,45.92,3819559.3,45.2
2019-11-04,45.2,45.1,45.92,2120708.24,45.24
2019-11-01,45.24,45.06,46.5,2816177.96,46.16
2019-10-31,46.16,45.22,46.58,7515926.94,45.44
2019-10-30,45.44,44.78,47.0,8746862.5,46.5
2019-10-28,46.5,45.0,46.9,2726696.54,45.0
2019-10-25,45.0,45.0,45.66,3373323.34,45.0
2019-10-24,45.0,44.12,45.98,7591943.14,43.94
2019-10-23,43.94,42.78,44.4,5189793.68,42.56
2019-10-22,42.56,42.56,43.12,3634387.78,42.72
2019-10-21,42.72,42.28,43.14,2575518.6,42.38
2019-10-18,42.38,42.02,45.0,6326620.8,41.68
2019-10-17,41.68,39.8,41.76,6326048.62,41.18
2019-10-16,41.18,39.56,41.18,8719117.64,40.5
2019-10-15,40.5,40.1,41.48,9551971.18,40.5
2019-10-14,40.5,39.5,43.1,11339277.78,43.18
2019-10-11,43.18,41.94,43.58,9524003.8,43.2
2019-10-10,43.2,42.42,44.2,9163096.4,44.48
2019-10-09,44.48,43.9,46.3,7829926.52,45.0
2019-10-08,45.0,43.14,45.74,10279792.42,45.8
2019-10-07,45.8,45.66,47.7,9735538.88,45.82
2019-10-04,45.82,45.68,47.54,10701793.34,46.0
2019-10-03,46.0,45.14,46.42,5139642.68,45.56
2019-10-02,45.56,44.4,47.32,9131216.34,46.5
2019-10-01,46.5,46.14,48.06,12158876.52,46.14
2019-09-30,46.14,45.82,46.7,5081034.96,45.82
2019-09-27,45.82,44.5,46.42,10829196.34,44.74
2019-09-26,44.74,43.7,45.74,17461625.22,43.5
2019-09-25,43.5,43.06,45.06,11714284.54,44.56
2019-09-24,44.56,43.02,45.0,7873360.88,43.0
2019-09-23,43.0,42.3,43.4,7004070.44,42.16
2019-09-20,42.16,39.5,42.72,16630810.6,40.02
2019-09-19,40.02,39.5,40.3,6390301.84,39.8
2019-09-18,39.8,39.06,39.98,5739773.92,39.06
2019-09-17,39.06,38.84,39.54,3141344.4,39.06
2019-09-16,39.06,39.04,40.04,4049958.38,39.22
2019-09-13,39.22,38.4,39.38,5658319.52,38.26
2019-09-12,38.26,38.2,38.98,4905269.48,38.74
2019-09-11,38.74,38.4,39.14,2764197.52,38.68
2019-09-10,38.68,38.04,39.5,16598054.24,38.0
2019-09-09,38.0,37.94,38.32,4793730.7,38.0
2019-09-06,38.0,37.76,38.36,4469963.4,37.88
2019-09-05,37.88,37.56,38.3,2860697.52,37.8
2019-09-04,37.8,36.88,37.8,6925264.52,37.1
2019-09-03,37.1,36.78,37.98,4114167.32,36.96
2019-09-02,36.96,36.48,37.26,3999040.78,36.9
2019-08-29,36.9,36.24,40.0,8511175.34,36.98
2019-08-28,36.98,36.14,36.98,2938495.34,36.66
2019-08-27,36.66,36.0,37.18,5288660.3,36.98
2019-08-26,36.98,35.86,37.32,3814520.22,37.22
2019-08-23,37.22,36.22,37.28,2208598.32,36.54
2019-08-22,36.54,35.86,36.6,2897741.88,36.0
2019-08-21,36.0,35.6,37.04,2000344.14,36.56
2019-08-20,36.56,35.62,38.98,5621701.86,35.76
2019-08-19,35.76,35.76,36.4,3787161.5,35.68
2019-08-16,35.68,35.04,36.8,6694939.84,36.32
2019-08-15,36.32,35.2,37.52,9631042.26,38.06
2019-08-09,38.06,37.62,39.2,5469447.88,38.96
2019-08-08,38.96,38.88,40.2,7964529.72,39.4
2019-08-07,39.4,39.3,40.4,5899729.04,39.3
2019-08-06,39.3,39.16,40.0,3112672.5,39.58
2019-08-05,39.58,39.3,40.5,2002408.46,39.9
2019-08-02,39.9,39.34,41.1,3947438.74,40.54
2019-08-01,40.54,40.28,42.06,11963344.28,41.5
2019-07-31,41.5,41.3,41.86,4636942.14,41.76
2019-07-30,41.76,38.84,42.18,8960978.2,41.98
2019-07-29,41.98,41.84,42.68,6529772.04,42.0
2019-07-26,42.0,41.88,42.82,6507868.44,42.12
2019-07-25,42.12,41.48,42.64,6114415.9,41.66
2019-07-24,41.66,40.78,41.88,2379236.34,41.66
2019-07-23,41.66,41.3,42.0,2732273.24,41.84
2019-07-22,41.84,41.74,42.28,4952496.24,42.28
2019-07-19,42.28,41.34,42.96,4173918.96,41.22
2019-07-18,41.22,40.56,41.52,9708800.18,40.7
2019-07-17,40.7,40.46,41.6,3489693.08,40.68
2019-07-16,40.68,40.18,41.66,5187013.98,41.0
2019-07-12,41.0,40.04,42.48,3754034.5,41.74
2019-07-11,41.74,41.74,42.7,3205997.04,41.7
2019-07-10,41.7,40.14,41.7,8426790.22,40.54
2019-07-09,40.54,40.4,41.1,15344560.04,41.0
2019-07-08,41.0,40.0,41.38,4458231.04,41.5
2019-07-05,41.5,41.16,42.12,5094555.18,41.12
2019-07-04,41.12,40.78,41.4,4228162.38,41.06
2019-07-03,41.06,40.86,41.58,7748199.32,41.16
2019-07-02,41.16,40.54,41.94,8125303.58,41.36
2019-07-01,41.36,40.0,41.68,10371587.38,40.2
2019-06-28,40.2,39.4,40.34,7525207.52,39.44
2019-06-27,39.44,38.56,39.58,4954781.86,38.56
2019-06-26,38.56,37.88,38.78,4480364.88,38.58
2019-06-25,38.58,38.06,39.5,7774221.26,38.5
2019-06-24,38.5,37.0,38.98,17069657.22,36.76
2019-06-21,36.76,36.16,36.76,3703646.2,36.48
2019-06-20,36.48,36.3,37.56,4540754.58,36.96
2019-06-19,36.96,35.34,37.28,10976812.08,35.9
2019-06-18,35.9,34.44,36.14,12379646.56,34.66
2019-06-17,34.66,34.32,34.8,7656513.24,34.86
2019-06-14,34.86,34.2,35.22,4876780.8,34.66
2019-06-13,34.66,34.2,34.82,5819468.4,34.5
2019-06-12,34.5,33.64,34.5,4185226.66,34.24
2019-06-11,34.24,34.02,35.16,3240305.06,34.94
2019-06-10,34.94,34.8,35.72,4675599.24,35.54
2019-06-07,35.54,34.18,35.68,10517647.68,34.54
2019-06-03,34.54,34.08,35.1,2612718.92,34.22
2019-05-31,34.22,33.28,34.54,8229114.32,33.92
2019-05-30,33.92,33.16,33.96,7783999.26,32.9
2019-05-29,32.9,32.8,33.98,6781891.62,33.84
2019-05-28,33.84,31.8,33.84,12697564.02,31.8
2019-05-27,31.8,31.0,32.7,5159143.08,32.22
2019-05-24,32.22,31.96,32.9,4845967.04,32.22
2019-05-23,32.22,32.22,33.34,4689445.1,32.9
2019-05-22,32.9,32.46,33.3,6555383.82,32.98
2019-05-21,32.98,32.02,33.2,4082167.5,32.5
2019-05-20,32.5,32.5,33.38,2251694.94,32.94
2019-05-17,32.94,32.6,34.1,4053819.26,34.0
2019-05-16,34.0,34.0,35.2,3434655.8,34.5
2019-05-15,34.5,34.08,35.58,2175257.92,35.58
2019-05-14,35.58,34.46,35.72,6023584.58,34.96
2019-05-13,34.96,34.1,35.7,5004676.96,35.52
2019-05-10,35.52,34.98,35.68,7244060.34,35.0
2019-05-09,35.0,34.1,35.46,9118674.3,34.08
2019-05-08,34.08,33.5,34.84,20424498.78,34.5
2019-05-07,34.5,34.5,36.0,9842890.8,36.18
2019-05-06,36.18,35.22,36.28,4737929.54,36.34
2019-05-03,36.34,36.02,37.5,4116110.32,37.5
2019-05-02,37.5,36.9,38.08,2423730.82,38.12
2019-04-30,38.12,37.08,38.12,3419022.8,37.18
2019-04-29,37.18,36.62,37.42,4566452.18,37.54
2019-04-26,37.54,35.74,37.54,3653487.78,36.44
2019-04-25,36.44,36.22,37.6,7267555.78,37.24
2019-04-24,37.24,37.2,37.98,11730817.4,37.6
2019-04-22,37.6,37.56,37.98,931120.18,38.0
2019-04-19,38.0,38.0,38.36,739194.62,37.8
2019-04-18,37.8,37.74,38.3,4650524.34,38.14
2019-04-17,38.14,37.94,38.26,6178339.64,37.98
2019-04-16,37.98,37.24,38.26,4937258.84,37.2
2019-04-15,37.2,36.6,37.48,5096555.08,36.7
2019-04-12,36.7,36.14,37.1,6008077.66,36.88
2019-04-11,36.88,36.48,37.56,8557782.14,36.44
2019-04-10,36.44,36.12,38.02,10917475.58,38.0
2019-04-09,38.0,37.64,38.88,6715667.76,37.94
2019-04-08,37.94,37.48,39.6,6345853.74,39.48
2019-04-05,39.48,37.62,39.5,11329129.18,38.48
2019-04-04,38.48,37.76,38.82,6982876.98,38.34
2019-04-03,38.34,38.0,39.2,4296418.82,38.4
2019-04-02,38.4,37.8,38.78,5591151.66,38.54
2019-04-01,38.54,37.24,39.6,7680099.58,38.56
2019-03-29,38.56,36.2,39.0,8868331.8,37.36
2019-03-28,37.36,34.48,38.0,17593785.12,36.16
2019-03-27,36.16,35.24,39.78,16992071.54,39.14
2019-03-26,39.14,38.86,39.8,12921694.8,39.0
2019-03-25,39.0,37.56,39.68,6948829.02,38.9
2019-03-22,38.9,37.62,40.1,16091044.52,39.88
2019-03-21,39.88,39.82,41.18,9132036.28,40.4
2019-03-20,40.4,39.76,42.0,14697315.46,41.02
2019-03-19,41.02,40.96,42.6,7999588.56,41.5
2019-03-18,41.5,40.78,43.0,9278488.22,41.98
2019-03-15,41.98,41.3,42.7,29245685.72,41.02
2019-03-14,41.02,40.64,41.7,12895935.92,40.7
2019-03-13,40.7,40.1,42.18,11102266.22,41.5
2019-03-12,41.5,40.14,41.78,16124700.64,40.0
2019-03-11,40.0,39.76,41.32,10625157.9,40.5
2019-03-08,40.5,39.36,41.62,6051023.72,41.5
2019-03-07,41.5,41.0,42.7,21280253.86,42.4
2019-03-06,42.4,40.94,43.4,10456964.88,43.22
2019-03-05,43.22,41.32,43.6,8221545.48,42.0
2019-03-04,42.0,41.16,42.14,8610891.36,41.02
2019-03-01,41.02,41.02,42.46,10320961.18,41.5
2019-02-28,41.5,41.42,42.88,17782028.9,41.48
2019-02-27,41.48,41.2,43.28,10154197.08,43.06
2019-02-26,43.06,41.62,43.36,21840422.68,41.42
2019-02-25,41.42,40.0,41.6,10860343.24,39.72
2019-02-22,39.72,39.72,40.6,9505269.6,40.06
2019-02-21,40.06,38.8,40.14,17830912.08,39.66
2019-02-20,39.66,39.32,40.22,12834788.18,39.22
2019-02-19,39.22,38.66,40.14,7781039.44,40.06
2019-02-18,40.06,39.48,40.26,9022996.46,39.6
2019-02-15,39.6,38.54,39.88,5323987.8,39.08
2019-02-14,39.08,37.84,40.26,8348273.6,40.04
2019-02-13,40.04,39.98,40.92,10555106.56,40.5
2019-02-12,40.5,39.94,41.08,14504602.2,39.94
2019-02-11,39.94,39.48,40.04,6700653.96,39.44
2019-02-08,39.44,38.32,40.28,2982805.66,39.76
2019-02-07,39.76,39.7,40.56,4642731.14,40.36
2019-02-06,40.36,39.54,40.36,18867380.82,39.46
2019-02-05,39.46,37.42,39.98,10906135.2,39.38
2019-02-04,39.38,39.38,41.76,10098340.9,41.26
2019-02-01,41.26,40.98,42.02,9953238.5,41.24
2019-01-31,41.24,40.22,42.24,15401165.8,40.36
2019-01-30,40.36,39.04,41.2,14661652.72,39.14
2019-01-29,39.14,38.0,39.54,16890387.02,38.06
2019-01-28,38.06,37.92,39.92,16365030.2,38.88
2019-01-25,38.88,37.2,38.98,32651459.02,37.34
2019-01-24,37.34,34.72,37.48,45154957.18,34.6
2019-01-23,34.6,32.96,34.7,12678063.4,32.76
2019-01-22,32.76,32.16,33.16,17987979.12,32.0
2019-01-21,32.0,31.14,32.82,39571802.3,30.94
2019-01-18,30.94,30.14,31.06,16772022.92,30.1
2019-01-17,30.1,30.04,30.7,21107861.32,30.0
2019-01-16,30.0,29.76,30.86,20235948.86,30.72
2019-01-15,30.72,30.22,31.1,12360901.58,30.7
2019-01-14,30.7,30.18,30.96,14629794.0,31.1
2019-01-11,31.1,30.52,31.28,4836761.54,30.66
2019-01-10,30.66,30.16,30.82,3623813.94,30.52
2019-01-09,30.52,30.44,31.0,10981610.14,30.98
2019-01-08,30.98,30.42,31.26,6655610.72,30.9
2019-01-07,30.9,30.72,31.78,5393755.7,31.4
2019-01-04,31.4,30.2,31.8,4885353.5,30.1
2019-01-03,30.1,29.92,31.78,8407714.36,31.54
2019-01-02,31.54,31.32,32.2,2734196.78,32.22
2018-12-31,32.22,31.74,32.76,2111808.76,32.24
2018-12-28,32.24,32.24,33.0,2968756.28,32.38
2018-12-27,32.38,32.16,33.34,6910854.12,31.98
2018-12-26,31.98,31.16,32.2,1157424.28,31.88
2018-12-25,31.88,31.8,32.38,754932.76,32.38
2018-12-24,32.38,32.32,32.86,1978388.04,32.42
2018-12-21,32.42,31.9,32.62,14900196.22,32.32
2018-12-20,32.32,32.06,32.66,3646205.14,32.46
2018-12-19,32.46,31.92,32.6,4769306.4,31.92
2018-12-18,31.92,31.64,32.78,5958525.22,32.6
2018-12-17,32.6,32.18,34.18,6808718.54,33.86
2018-12-14,33.86,32.6,34.4,4136490.4,34.1
2018-12-13,34.1,33.6,34.54,7497349.18,34.0
2018-12-12,34.0,33.42,35.68,7045296.94,35.34
2018-12-11,35.34,35.0,36.56,5782522.92,36.1
2018-12-10,36.1,35.9,37.26,3438007.8,37.28
2018-12-07,37.28,37.14,38.36,5849835.88,37.98
2018-12-06,37.98,37.88,38.62,6621766.92,37.8
2018-12-05,37.8,37.56,38.0,5075352.44,38.0
2018-12-04,38.0,37.04,38.6,12203591.78,37.9
2018-12-03,37.9,36.54,39.0,10258650.54,37.7
2018-11-30,37.7,37.5,38.7,11203609.16,36.96
2018-11-29,36.96,36.1,38.24,8748970.9,36.7
2018-11-28,36.7,35.48,37.06,9465508.76,35.48
2018-11-27,35.48,34.34,35.5,5985217.34,34.62
2018-11-26,34.62,34.02,34.86,8991580.02,34.12
2018-11-23,34.12,34.02,34.9,4948171.4,34.5
2018-11-22,34.5,33.6,34.98,8443281.82,34.42
2018-11-21,34.42,33.34,34.74,6146573.88,34.0
2018-11-20,34.0,33.1,35.26,7423092.18,35.2
2018-11-19,35.2,34.8,35.24,2943439.3,35.02
2018-11-16,35.02,34.84,35.8,6315047.18,35.14
2018-11-15,35.14,34.08,35.46,8463524.62,34.4
2018-11-14,34.4,34.24,35.42,7995498.28,34.88
2018-11-13,34.88,34.1,34.94,8761467.32,34.92
2018-11-12,34.92,34.32,35.74,6346361.66,35.9
2018-11-09,35.9,34.8,35.92,5593855.16,36.04
2018-11-08,36.04,35.48,37.62,6679605.86,37.2
2018-11-07,37.2,36.48,38.12,14561715.14,36.8
2018-11-06,36.8,35.86,37.32,8507474.66,37.1
2018-11-05,37.1,36.58,37.52,3797019.06,36.74
2018-11-02,36.74,35.1,37.5,14110644.7,35.0
2018-11-01,35.0,33.68,35.2,8021985.16,33.68
2018-10-31,33.68,33.36,34.8,7276836.78,34.1
2018-10-30,34.1,34.1,36.98,10156430.32,35.34
2018-10-26,35.34,35.34,36.9,8761978.78,36.84
2018-10-25,36.84,35.92,37.64,10516951.34,36.44
2018-10-24,36.44,35.8,37.38,10630525.74,36.6
2018-10-23,36.6,34.68,39.0,16110979.54,38.5
2018-10-22,38.5,38.48,39.44,14940828.48,38.28
2018-10-19,38.28,37.4,38.64,10399148.88,38.4
2018-10-18,38.4,38.26,39.0,16117546.36,38.5
2018-10-17,38.5,38.08,38.7,17411793.56,38.2
2018-10-16,38.2,37.46,38.62,25908440.56,37.76
2018-10-15,37.76,35.4,38.1,48752164.04,34.9
2018-10-12,34.9,33.12,35.5,14959955.78,33.42
2018-10-11,33.42,32.16,34.2,10533333.24,33.2
2018-10-10,33.2,33.2,34.5,10687475.52,34.1
2018-10-09,34.1,33.7,35.48,13196640.68,34.14
2018-10-08,34.14,32.52,34.52,8396289.5,33.0
2018-10-05,33.0,32.2,33.42,13548564.76,32.54
2018-10-04,32.54,32.4,34.42,14662931.58,34.4
2018-10-03,34.4,33.86,35.44,11779488.9,35.44
2018-10-02,35.44,35.34,36.38,10154831.8,35.9
2018-10-01,35.9,35.2,36.4,15110106.84,35.86
2018-09-28,35.86,34.88,36.7,31582941.62,35.1
2018-09-27,35.1,34.32,35.24,17992450.04,34.2
2018-09-26,34.2,34.0,34.78,16522873.24,33.88
2018-09-25,33.88,33.5,34.08,14180547.4,33.7
2018-09-24,33.7,33.48,34.44,17981721.74,33.92
2018-09-21,33.92,33.12,33.92,21794214.8,33.02
2018-09-20,33.02,31.7,33.52,43392394.06,32.8
2018-09-19,32.8,32.36,33.44,23395158.04,32.94
2018-09-18,32.94,32.2,34.0,47525185.7,34.12
2018-09-17,34.12,31.72,34.9,116972596.08,32.1
2018-09-14,32.1,30.0,33.9,144911257.62,29.8
2018-09-13,29.8,26.68,30.38,66863758.42,27.42
2018-09-12,27.42,27.14,28.72,57679206.24,26.68
2018-09-11,26.68,26.3,27.36,14687705.34,26.76
2018-09-10,26.76,26.72,27.58,10907418.1,26.9
2018-09-07,26.9,26.16,27.58,14033891.68,27.2
2018-09-06,27.2,25.42,28.0,29135069.32,25.56
2018-09-05,25.56,25.02,26.18,19872853.9,25.7
2018-09-04,25.7,25.54,27.18,24010123.78,25.5
2018-09-03,25.5,24.98,25.94,7774357.92,25.28
2018-08-31,25.28,24.8,26.1,8326754.16,25.92
2018-08-29,25.92,25.16,26.6,19033333.42,26.54
2018-08-28,26.54,24.96,26.94,16006003.1,24.96
2018-08-27,24.96,23.16,25.24,15141046.74,23.3
2018-08-20,23.3,22.46,23.3,5653922.54,22.64
2018-08-17,22.64,21.62,25.0,39522547.76,24.0
2018-08-16,24.0,23.56,24.7,39491121.24,23.5
2018-08-15,23.5,20.46,24.18,103040502.6,22.48
2018-08-14,22.48,22.12,25.98,77090372.16,24.72
2018-08-13,24.72,23.06,27.78,40027417.98,28.0
2018-08-10,28.0,25.6,31.94,39636796.2,32.0
2018-08-09,32.0,31.64,32.68,9973459.98,32.5
2018-08-08,32.5,30.76,33.02,10909806.8,32.9
2018-08-07,32.9,31.54,33.6,7822954.86,33.42
2018-08-06,33.42,32.9,34.4,3088607.8,34.36
2018-08-03,34.36,33.96,34.98,4464575.34,34.06
2018-08-02,34.06,33.2,35.62,7829863.8,35.92
2018-08-01,35.92,35.7,36.44,1981077.72,36.2
2018-07-31,36.2,35.62,36.58,5162839.1,36.26
2018-07-30,36.26,35.38,36.44,3078425.86,36.3
2018-07-27,36.3,35.04,36.36,3889315.2,35.82
2018-07-26,35.82,33.92,36.78,13537769.7,35.44
2018-07-25,35.44,33.56,35.46,6640759.38,33.92
2018-07-24,33.92,33.16,34.92,6181007.26,33.5
2018-07-23,33.5,33.2,34.3,7039687.5,33.74
2018-07-20,33.74,33.44,34.42,6141986.9,33.72
2018-07-19,33.72,32.24,33.8,10943643.94,32.2
2018-07-18,32.2,31.0,32.38,26879085.68,30.96
2018-07-17,30.96,30.72,31.34,7605564.72,31.16
2018-07-16,31.16,31.0,32.0,3917784.5,31.76
2018-07-13,31.76,30.12,32.0,7955303.78,31.08
2018-07-12,31.08,30.82,34.74,14926413.9,33.48
2018-07-11,33.48,32.52,37.0,8504221.06,37.06
2018-07-10,37.06,36.8,38.2,7239875.48,38.68
2018-07-09,38.68,37.92,39.0,23159245.98,38.0
2018-07-06,38.0,35.28,39.5,17374030.78,38.76
2018-07-05,38.76,37.82,39.0,7963484.72,37.78
2018-07-04,37.78,37.44,38.4,5850271.72,37.74
2018-07-03,37.74,37.2,38.44,9502461.3,38.2
2018-07-02,38.2,38.0,38.98,4222188.8,39.04
2018-06-29,39.04,38.54,39.36,12178711.68,38.82
2018-06-28,38.82,37.12,38.82,9037956.6,37.28
2018-06-27,37.28,36.34,37.28,4902974.38,36.26
2018-06-26,36.26,36.22,37.28,6820314.18,37.04
2018-06-25,37.04,36.78,38.02,11713029.52,37.2
2018-06-22,37.2,37.0,37.38,4139927.86,37.18
2018-06-21,37.18,37.18,38.1,5371340.7,38.0
2018-06-20,38.0,37.52,38.4,1997736.84,37.96
2018-06-19,37.96,37.3,37.96,4821090.28,37.56
2018-06-18,37.56,37.24,39.0,4152634.78,39.34
2018-06-14,39.34,39.34,40.76,4705899.28,40.2
2018-06-13,40.2,40.04,41.1,5673523.96,40.04
2018-06-12,40.04,40.04,42.0,3474801.38,41.12
2018-06-11,41.12,39.94,42.04,9937789.22,41.3
2018-06-08,41.3,41.1,43.28,3037564.66,43.3
2018-06-07,43.3,43.0,44.7,3551757.72,44.1
2018-06-06,44.1,43.7,48.28,2380133.66,46.36
2018-06-05,46.36,45.74,48.22,6472437.46,47.88
2018-06-04,47.88,46.96,48.96,11766537.66,48.26
2018-06-01,48.26,46.4,49.0,3398998.22,48.72
2018-05-31,48.72,46.42,49.88,16087689.04,48.2
2018-05-30,48.2,47.74,48.54,6127748.3,47.78
2018-05-29,47.78,46.9,48.22,2571436.02,47.08
2018-05-28,47.08,45.59,47.65,4898497.9,45.52
2018-05-25,45.52,45.3,45.83,5081341.76,45.89
2018-05-24,45.89,45.0,45.89,7930118.64,45.83
2018-05-23,45.83,44.01,45.83,16744538.74,45.5
2018-05-22,45.5,44.61,45.52,2626435.8,45.3
2018-05-21,45.3,43.7,45.3,2393767.4,44.31
2018-05-18,44.31,43.85,45.5,2750041.38,45.3
2018-05-17,45.3,42.65,45.3,3662271.4,43.81
2018-05-16,43.81,41.48,43.81,4137945.94,41.54
2018-05-15,41.54,41.48,42.83,29471696.72,43.32
2018-05-14,43.32,41.78,43.34,3226478.42,42.11
2018-05-11,42.11,41.56,43.32,2710775.14,42.88
2018-05-10,42.88,42.05,43.75,3124999.3,42.92
2018-05-09,42.92,40.45,43.85,10219723.62,43.02
2018-05-08,43.02,42.05,44.64,17032004.72,44.64
2018-05-07,44.64,44.51,46.48,6855897.62,46.98
2018-05-04,46.98,43.85,47.18,14837994.82,47.18
2018-05-03,47.18,46.82,48.26,6080929.82,47.47
2018-05-02,47.47,46.07,47.97,8615245.84,48.26
2018-04-30,48.26,46.03,48.52,2544857.4,48.26
2018-04-27,48.26,47.26,48.36,2871508.28,47.57
2018-04-26,47.57,46.66,48.07,3837675.6,47.08
2018-04-25,47.08,46.88,49.45,7605801.64,48.46
2018-04-24,48.46,47.57,50.05,9907790.6,49.43
2018-04-20,49.43,49.04,50.19,2246812.45,49.25
2018-04-19,49.25,48.96,49.75,2307969.62,49.25
2018-04-18,49.25,48.01,49.25,5910169.02,48.9
2018-04-17,48.9,47.69,49.95,2347445.15,49.33
2018-04-16,49.33,48.96,50.24,5061215.92,48.86
2018-04-13,48.86,48.86,49.75,1268283.59,49.41
2018-04-12,49.41,48.76,50.39,3513468.16,49.14
2018-04-11,49.14,47.53,50.39,2877509.45,49.55
2018-04-10,49.55,49.06,51.58,12285417.99,51.03
2018-04-09,51.03,49.85,53.26,5847272.6,52.42
2018-04-06,52.42,52.17,52.81,1386224.85,52.17
2018-04-05,52.17,52.17,53.8,7698883.7,53.41
2018-04-04,53.41,53.26,53.75,2773113.1,53.56
2018-04-03,53.56,53.36,53.95,9957901.7,53.8
2018-04-02,53.8,53.36,54.05,2935793.95,53.41
2018-03-30,53.41,53.31,53.9,1167546.3,53.51
2018-03-29,53.51,51.87,53.56,4288321.0,52.12
2018-03-28,52.12,51.83,53.7,2732249.7,53.56
2018-03-27,53.56,51.83,54.25,14202247.2,51.78
2018-03-26,51.78,49.45,52.27,16940177.3,49.75
2018-03-23,49.75,49.45,50.34,3895253.2,50.24
2018-03-22,50.24,50.05,50.69,2757696.0,50.69
2018-03-21,50.69,49.75,50.94,3888897.5,50.74
2018-03-20,50.74,49.7,50.74,7369390.8,49.75
2018-03-19,49.75,49.65,51.28,10180980.1,50.64
2018-03-16,50.64,50.24,52.42,16683565.0,51.92
2018-03-15,51.92,49.8,52.81,5427165.85,52.27
2018-03-14,52.27,51.83,53.06,9769209.5,52.57
2018-03-13,52.57,52.22,53.31,7268269.8,52.67
2018-03-12,52.67,52.27,53.31,2367517.15,52.52
2018-03-09,52.52,52.22,53.01,1446217.75,52.42
2018-03-08,52.42,52.42,53.9,13094371.6,53.31
2018-03-07,53.31,52.81,54.05,2130975.35,53.41
2018-03-06,53.41,52.86,54.5,7116951.35,52.57
2018-03-05,52.57,52.02,53.51,3869974.15,52.07
2018-03-02,52.07,52.07,54.1,15862966.15,52.42
2018-03-01,52.42,52.02,53.11,4506609.35,52.76
2018-02-28,52.76,52.27,54.0,9937803.8,52.42
2018-02-27,52.42,52.17,53.11,4402826.3,52.62
2018-02-26,52.62,52.62,53.61,2520175.85,53.01
2018-02-23,53.01,52.81,53.9,3667332.55,53.01
2018-02-22,53.01,53.01,54.0,5292662.6,53.41
2018-02-21,53.41,53.41,54.1,2308112.5,53.21
2018-02-20,53.21,52.96,54.1,3686944.45,53.36
2018-02-19,53.36,53.06,54.35,2445318.45,53.75
2018-02-16,53.75,53.51,54.59,2908440.85,53.41
2018-02-15,53.41,52.81,54.05,4565047.1,52.72
2018-02-14,52.72,52.07,53.21,9439467.2,52.67
2018-02-13,52.67,51.97,54.35,3196370.65,53.36
2018-02-12,53.36,53.36,55.29,6275505.05,52.91
2018-02-09,52.91,52.52,53.51,2665117.5,53.61
2018-02-08,53.61,53.21,53.95,7232202.35,53.8
2018-02-07,53.8,53.46,54.89,7871926.35,53.31
2018-02-06,53.31,51.53,54.74,24689668.7,55.09
2018-02-05,55.09,55.09,56.87,8093389.75,57.36
2018-02-02,57.36,56.77,58.25,2025075.25,56.97
2018-02-01,56.97,56.37,58.75,18313011.05,56.67
2018-01-31,56.67,55.04,57.81,14363486.0,57.36
2018-01-30,57.36,56.97,59.59,6075975.1,59.34
2018-01-29,59.34,58.2,59.54,19031434.05,58.35
2018-01-26,58.35,57.36,58.8,12808053.0,57.31
2018-01-25,57.31,56.97,58.06,9056556.7,57.46
2018-01-24,57.46,56.87,57.76,5744034.25,57.26
2018-01-23,57.26,56.37,57.86,28382986.75,55.98
2018-01-22,55.98,54.89,56.37,16719238.0,55.14
2018-01-19,55.14,54.79,55.58,3765036.1,55.19
2018-01-18,55.19,54.55,55.34,13707965.75,54.55
2018-01-17,54.55,54.1,55.34,13550797.5,54.3
2018-01-16,54.3,53.75,54.59,16952720.9,54.2
2018-01-15,54.2,53.7,55.29,16599231.85,55.04
2018-01-12,55.04,53.75,56.03,523006986.6,53.9
2018-01-11,53.9,53.46,54.55,33206638.05,53.41
2018-01-10,53.41,52.27,54.25,20623519.55,52.91
2018-01-09,52.91,51.97,54.4,88058060.35,56.77
2018-01-08,56.77,55.78,57.22,2605930.5,56.67
2018-01-05,56.67,56.47,57.36,2629011.9,56.52
2018-01-04,56.52,56.37,57.61,7426849.2,57.36
2018-01-03,57.36,56.28,57.61,10176708.0,56.13
2018-01-02,56.13,55.24,56.97,7683355.7,57.36
2017-12-29,57.36,54.69,57.36,7630845.6,55.98
2017-12-28,55.98,55.04,56.37,7267434.05,54.89
2017-12-27,54.89,53.75,55.14,1451630.8,54.89
2017-12-26,54.89,54.4,55.04,1234779.55,55.04
2017-12-25,55.04,53.16,55.39,6142807.4,53.16
2017-12-22,53.16,52.47,54.74,5350208.75,53.11
2017-12-21,53.11,53.06,53.85,802444.35,53.41
2017-12-20,53.41,53.16,53.95,1370073.9,53.51
2017-12-19,53.51,53.06,54.4,4596593.5,52.81
2017-12-18,52.81,52.62,53.7,2937866.5,53.16
2017-12-15,53.16,53.06,55.04,28508006.05,53.01
2017-12-14,53.01,51.63,53.01,8328546.0,51.48
2017-12-13,51.48,50.69,51.78,13379897.55,50.74
2017-12-12,50.74,49.43,50.89,8047202.38,50.44
2017-12-11,50.44,50.19,51.13,5446480.15,50.44
2017-12-08,50.44,50.29,51.28,4740593.45,51.13
2017-12-07,51.13,50.69,51.63,9211341.75,51.43
2017-12-06,51.43,50.44,52.76,12774518.95,52.52
2017-12-05,52.52,51.38,55.78,8578397.85,53.11
2017-12-04,53.11,51.73,53.61,3872050.0,52.27
2017-12-01,52.27,51.58,53.16,3935999.5,52.27
2017-11-30,52.27,51.43,52.96,37647242.25,51.43
2017-11-29,51.43,51.03,51.73,9960227.25,51.28
2017-11-28,51.28,50.44,51.87,6138151.7,51.43
2017-11-27,51.43,50.09,52.42,3973812.7,50.14
2017-11-24,50.14,49.45,50.44,9708094.75,49.95
2017-11-23,49.95,49.25,50.59,20680976.85,49.95
2017-11-22,49.95,49.45,52.47,7390965.7,50.98
2017-11-21,50.98,50.44,52.76,6050439.05,52.57
2017-11-20,52.57,51.18,55.19,4698850.25,54.89
2017-11-17,54.89,54.59,56.23,8965625.85,55.78
2017-11-16,55.78,55.14,56.37,2351860.05,56.33
2017-11-15,56.33,54.74,56.87,4844708.3,56.33
2017-11-14,56.33,55.44,59.34,7368172.35,55.53
2017-11-13,55.53,55.44,56.37,1203179.3,55.68
2017-11-10,55.68,55.68,56.62,1223159.95,56.28
2017-11-09,56.28,55.68,57.17,3623026.8,56.87
2017-11-08,56.87,55.93,57.31,2734393.95,57.02
2017-11-07,57.02,56.57,58.01,7246407.55,57.36
2017-11-06,57.36,56.97,57.96,2887065.1,57.31
2017-11-03,57.31,56.37,57.86,4684021.3,57.36
2017-11-02,57.36,57.07,57.91,14991938.1,57.07
2017-11-01,57.07,55.83,57.41,8987371.6,55.83
2017-10-31,55.83,54.45,55.88,2359168.3,55.19
2017-10-30,55.19,54.94,55.88,829324.65,55.63
2017-10-27,55.63,54.45,55.63,2015523.55,55.58
2017-10-26,55.58,54.79,56.72,9970762.3,54.99
2017-10-25,54.99,54.5,55.34,2040180.1,54.94
2017-10-24,54.94,54.64,55.39,5348777.0,55.14
2017-10-23,55.14,54.84,55.83,1455423.6,55.58
2017-10-20,55.58,54.79,56.37,8289998.65,55.68
2017-10-19,55.68,55.39,55.88,7966915.85,55.73
2017-10-18,55.73,54.55,55.98,19397426.4,55.58
2017-10-17,55.58,54.4,55.93,4930266.85,55.63
2017-10-16,55.63,53.46,55.88,13012444.4,53.85
2017-10-13,53.85,53.31,54.15,2700219.3,53.26
2017-10-12,53.26,52.42,54.4,6447245.6,52.62
2017-10-11,52.62,52.17,52.76,10480498.05,52.52
2017-10-10,52.52,51.43,52.72,6577481.85,51.73
2017-10-09,51.73,50.14,53.36,12842180.0,52.42
2017-10-06,52.42,51.97,52.81,9364596.1,52.42
2017-10-05,52.42,51.48,52.62,6001224.25,52.32
2017-10-04,52.32,51.23,53.85,11577775.35,52.62
2017-10-03,52.62,52.22,53.51,3706955.15,52.62
2017-10-02,52.62,51.43,53.41,4685739.7,51.43
2017-09-29,51.43,50.05,51.68,11418700.2,50.44
2017-09-28,50.44,49.95,50.79,5668495.75,50.74
2017-09-27,50.74,50.09,51.08,8214829.4,50.94
2017-09-26,50.94,50.0,51.63,8321085.85,50.49
2017-09-25,50.49,49.55,50.94,3298234.45,51.08
2017-09-22,51.08,50.09,51.43,13068900.1,50.34
2017-09-21,50.34,50.0,51.13,6877637.4,51.53
2017-09-20,51.53,50.98,52.57,11153414.05,52.72
2017-09-19,52.72,50.49,53.9,15875078.4,52.32
2017-09-18,52.32,51.33,52.72,12935533.75,51.73
2017-09-15,51.73,49.95,51.73,7604866.75,51.43
2017-09-14,51.43,50.0,51.97,13052249.55,50.34
2017-09-13,50.34,48.9,53.21,18454264.4,47.97
2017-09-12,47.97,46.88,48.11,3957221.66,48.09
2017-09-11,48.09,46.76,48.26,3720171.2,47.47
2017-09-08,47.47,46.15,47.77,11641922.54,46.15
2017-09-07,46.15,45.34,46.25,3609159.66,45.71
2017-09-06,45.71,45.24,45.89,4686579.74,45.48
2017-09-05,45.48,44.51,45.73,4205533.26,45.4
2017-08-31,45.4,43.83,45.4,1065508.9,44.61
2017-08-29,44.61,44.01,44.7,3227609.72,44.05
2017-08-28,44.05,43.81,45.5,1623762.7,44.7
2017-08-25,44.7,44.21,45.59,2469825.72,44.51
2017-08-24,44.51,43.56,44.82,1557053.0,44.43
2017-08-23,44.43,44.01,45.1,1866069.88,45.1
2017-08-22,45.1,45.1,46.19,12122321.0,45.34
2017-08-21,45.34,45.16,46.09,9056206.22,45.5
2017-08-18,45.5,44.7,46.25,6107805.36,46.27
2017-08-17,46.27,44.01,46.92,26856116.42,44.09
2017-08-16,44.09,42.83,44.51,5469853.52,44.21
2017-08-15,44.21,43.72,44.94,20162961.64,43.77
2017-08-14,43.77,42.51,44.05,9920205.5,42.83
2017-08-11,42.83,42.05,42.92,4219724.5,42.98
2017-08-10,42.98,41.74,43.16,13588601.02,41.76
2017-08-09,41.76,41.62,42.25,4607841.86,42.35
2017-08-08,42.35,41.9,42.35,1595367.7,42.23
2017-08-07,42.23,41.58,42.33,2797113.1,41.93
2017-08-04,41.93,41.82,42.33,6825728.3,42.27
2017-08-03,42.27,41.93,42.43,4062999.38,42.03
2017-08-02,42.03,41.5,42.15,3114247.42,41.58
2017-08-01,41.58,41.34,41.74,4557109.26,41.36
2017-07-31,41.36,40.73,42.23,17245533.06,40.73
2017-07-28,40.73,40.65,41.56,4759390.5,41.3
2017-07-27,41.3,41.3,41.92,5472436.74,41.58
2017-07-26,41.58,41.58,42.41,8320150.86,41.99
2017-07-25,41.99,41.68,42.49,8402901.72,42.43
2017-07-24,42.43,39.78,42.73,41923438.76,40.45
2017-07-21,40.45,40.43,41.36,3233114.86,41.26
2017-07-20,41.26,41.2,41.46,2552171.52,41.4
2017-07-19,41.4,41.26,41.76,2481566.78,41.66
2017-07-18,41.66,41.2,42.13,3534380.58,42.19
2017-07-17,42.19,39.26,42.29,4629653.44,42.27
2017-07-14,42.27,42.23,42.33,5406260.24,42.23
2017-07-13,42.23,42.19,42.31,10438741.52,42.23
2017-07-12,42.23,42.23,42.43,7403383.92,42.43
2017-07-11,42.43,42.25,42.47,12132018.76,42.43
2017-07-10,42.43,42.31,42.75,6361816.62,42.65
2017-07-07,42.65,42.37,42.79,3994602.96,42.61
2017-07-06,42.61,42.39,43.08,23157520.72,42.35
2017-07-05,42.35,42.33,43.4,7240425.5,42.31
2017-07-04,42.31,42.29,42.75,5812945.36,42.37
2017-07-03,42.37,42.35,42.53,2906178.14,42.51
2017-06-30,42.51,42.33,42.51,8756406.96,42.41
2017-06-29,42.41,42.41,42.92,13178042.24,42.96
2017-06-28,42.96,42.53,43.26,7971946.4,43.26
2017-06-23,43.26,42.96,43.28,5611634.96,43.1
2017-06-22,43.1,42.77,43.52,10976174.08,43.22
2017-06-21,43.22,42.98,43.5,12366728.26,43.12
2017-06-20,43.12,43.12,44.01,12130552.76,43.62
2017-06-19,43.62,43.2,43.66,11219044.14,43.16
2017-06-16,43.16,42.92,44.21,23037567.86,44.01
